[{"bookCover":"https://img14.360buyimg.com/n1/s200x200_jfs/t3049/211/1135504925/129375/cc072102/57c6862aN329b23fd.jpg","bookName":"Vue.js权威指南","bookInfo":"与React|Angular三分天下 ","bookPrice":78.2,"bookId":1},{"bookCover":"https://img11.360buyimg.com/n1/s200x200_jfs/t4540/29/2949953861/229268/af148d19/58f4ec87N10cf0e3a.jpg","bookName":"Vue.js权威指南","bookInfo":"与React|Angular三分天下 ","bookPrice":88.2,"bookId":2},{"bookCover":"https://img12.360buyimg.com/n1/s200x200_jfs/t3199/262/7067558943/58497/e77f3d90/58af0e1bNd71632d2.jpg","bookName":"Vue.js权威指南","bookInfo":"与React|Angular三分天下 ","bookPrice":108.2,"bookId":3},{"bookCover":"https://img14.360buyimg.com/n1/s200x200_jfs/t9508/97/2285719018/62961/99c5b1b7/59f299b4Nc9e78adb.jpg","bookName":"Vue.js权威指南","bookInfo":"与React|Angular三分天下 ","bookPrice":5.2,"bookId":4},{"bookCover":"https://img14.360buyimg.com/n1/s200x200_jfs/t3049/211/1135504925/129375/cc072102/57c6862aN329b23fd.jpg","bookName":"Vue.js权威指南","bookInfo":"与React|Angular三分天下 ","bookPrice":781,"bookId":6},{"bookCover":"https://img13.360buyimg.com/n1/s200x200_jfs/t5107/58/1653926146/128683/79be7ee8/5912e2fcNf9a839fc.jpg","bookPrice":99,"bookInfo":"深入浅出React和Redux 资深架构师十余","bookName":"react深入浅出","bookId":8}]